Country,Year,production_tonnes
Africa,2000,67205
Africa (FAO),2000,67205
Algeria,2000,29000
Americas (FAO),2000,8231671
Argentina,2000,6015
Asia,2000,17724892
Asia (FAO),2000,17724892
Australia,2000,2426000
Austria,2000,125353
Bangladesh,2000,249000
Belarus,2000,72600
Belgium,2000,14200
Bosnia and Herzegovina,2000,2300
Brazil,2000,41000
Bulgaria,2000,20000
Canada,2000,7205300
Central America (FAO),2000,14000
Central Asia (FAO),2000,5045
Chile,2000,47730
China,2000,11380579
China (FAO),2000,11380579
Colombia,2000,0
Croatia,2000,29436
Czechia,2000,844428
Denmark,2000,293900
Eastern Africa (FAO),2000,13905
Eastern Asia (FAO),2000,11383966
Eastern Europe (FAO),2000,2566108
Estonia,2000,38598
Ethiopia,2000,13905
Europe,2000,11749606
Europe (FAO),2000,11749606
European Union (27),2000,10171360
European Union (27) (FAO),2000,10171360
Finland,2000,70900
France,2000,3476819
Germany,2000,3585661
Greece,2000,1340.49
High-income countries,2000,21955422
Hungary,2000,179319
India,2000,5788400
Iran,2000,8793
Ireland,2000,8600
Italy,2000,41016
Japan,2000,650
Kazakhstan,2000,2940
Kyrgyzstan,2000,95
Land Locked Developing Countries (FAO),2000,31264
Latvia,2000,10000
Least Developed Countries (FAO),2000,262905
Lithuania,2000,81000
Low Income Food Deficit Countries (FAO),2000,16010
Low-income countries,2000,13905
Lower-middle-income countries,2000,6513065
Luxembourg,2000,8370
Mexico,2000,14000
Moldova,2000,1100
Mongolia,2000,0
Morocco,2000,1000
Myanmar,2000,0
Net Food Importing Developing Countries (FAO),2000,556405
Netherlands,2000,2900
New Zealand,2000,4000
North America,2000,8128326
North Macedonia,2000,2614
Northern Africa (FAO),2000,33000
Northern America (FAO),2000,8114326
Northern Europe (FAO),2000,1790375
Norway,2000,9080
Oceania,2000,2430000
Oceania (FAO),2000,2430000
Pakistan,2000,289500
Paraguay,2000,8600
Poland,2000,958145
Romania,2000,76126
Russia,2000,148746
Serbia and Montenegro,2000,10467
Slovakia,2000,133844
Slovenia,2000,305
South Africa,2000,20300
South America,2000,103345
South America (FAO),2000,103345
South Korea,2000,2737
Southern Africa (FAO),2000,20300
Southern Asia (FAO),2000,6335693
Southern Europe (FAO),2000,137078.48
Spain,2000,49600
Sweden,2000,121500
Switzerland,2000,42742
Taiwan,2000,0
Tajikistan,2000,10
Tunisia,2000,3000
Turkey,2000,187
Ukraine,2000,131800
United Kingdom,2000,1156797
United States,2000,909026
Upper-middle-income countries,2000,11720981
Uruguay,2000,0
Uzbekistan,2000,2000
Western Asia (FAO),2000,187
Western Europe (FAO),2000,7256045
World,2000,40203372
Africa,2001,72386
Africa (FAO),2001,72386
Algeria,2001,29000
Americas (FAO),2001,6058200
Argentina,2001,15380
Asia,2001,16030593
Asia (FAO),2001,16030593
Australia,2001,1775019
Austria,2001,146525
Bangladesh,2001,238000
Belarus,2001,94900
Belgium,2001,18400
Bosnia and Herzegovina,2001,3371
Brazil,2001,42000
Bulgaria,2001,18800
Canada,2001,5017100
Central America (FAO),2001,2000
Central Asia (FAO),2001,7052.89
Chile,2001,67370
China,2001,11331445
China (FAO),2001,11331466
Colombia,2001,0
Croatia,2001,22456
Czechia,2001,973321
Denmark,2001,211577
Eastern Africa (FAO),2001,14736
Eastern Asia (FAO),2001,11334414
Eastern Europe (FAO),2001,2950226.5
Estonia,2001,41300
Ethiopia,2001,14736
Europe,2001,12035116
Europe (FAO),2001,12035116
European Union (27),2001,10463344
European Union (27) (FAO),2001,10463344
Finland,2001,100800
France,2001,2877152.5
Germany,2001,4160093
Greece,2001,2203.81
High-income countries,2001,19435238
Hungary,2001,205123
India,2001,4187200
Iran,2001,32675.9
Ireland,2001,7300
Italy,2001,32000
Japan,2001,918
Kazakhstan,2001,5000
Kyrgyzstan,2001,350
Land Locked Developing Countries (FAO),2001,32124.29
Latvia,2001,13000
Least Developed Countries (FAO),2001,252736
Lithuania,2001,64800
Low Income Food Deficit Countries (FAO),2001,16788.89
Low-income countries,2001,14736
Lower-middle-income countries,2001,4862508
Luxembourg,2001,8780
Mexico,2001,2000
Moldova,2001,4225.39
Mongolia,2001,0
Morocco,2001,300
Myanmar,2001,0
Net Food Importing Developing Countries (FAO),2001,486236
Netherlands,2001,2401
New Zealand,2001,4000
North America,2001,5927450
North Macedonia,2001,110
Northern Africa (FAO),2001,31900
Northern America (FAO),2001,5925450
Northern Europe (FAO),2001,1721222
Norway,2001,19280
Oceania,2001,1779019
Oceania (FAO),2001,1779019
Pakistan,2001,230600
Paraguay,2001,6000
Poland,2001,1063638
Romania,2001,101789
Russia,2001,113201
Serbia and Montenegro,2001,5479
Slovakia,2001,240629
Slovenia,2001,1156
South Africa,2001,25750
South America,2001,130750
South America (FAO),2001,130750
South Korea,2001,2030
Southern Africa (FAO),2001,25750
Southern Asia (FAO),2001,4688476
Southern Europe (FAO),2001,110875.81
Spain,2001,44100
Sweden,2001,106000
Switzerland,2001,39440
Taiwan,2001,21
Tajikistan,2001,18
Tunisia,2001,2600
Turkey,2001,650
Ukraine,2001,134600
United Kingdom,2001,1157165
United States,2001,908350
Upper-middle-income countries,2001,11662832
Uruguay,2001,0
Uzbekistan,2001,1684.89
Western Asia (FAO),2001,650
Western Europe (FAO),2001,7252791.5
World,2001,35975310
Africa,2002,81413
Africa (FAO),2002,81413
Algeria,2002,27000
Americas (FAO),2002,5285687
Argentina,2002,2320
Asia,2002,16158138
Asia (FAO),2002,16158138
Australia,2002,1755863
Austria,2002,128647
Bangladesh,2002,233000
Belarus,2002,59600
Belgium,2002,18300
Bosnia and Herzegovina,2002,3000
Brazil,2002,55000
Bulgaria,2002,8061
Canada,2002,4520500
Central America (FAO),2002,1000
Central Asia (FAO),2002,3883
Chile,2002,3500
China,2002,10552249
China (FAO),2002,10552254
Colombia,2002,0
Croatia,2002,25585
Czechia,2002,709533
Denmark,2002,218000
Eastern Africa (FAO),2002,16943
Eastern Asia (FAO),2002,10553964
Eastern Europe (FAO),2002,2407805
Estonia,2002,63865
Ethiopia,2002,16943
Europe,2002,12028487
Europe (FAO),2002,12028487
European Union (27),2002,10247708
European Union (27) (FAO),2002,10247708
Finland,2002,102800
France,2002,3319958
Germany,2002,3848696
Greece,2002,3201.56
High-income countries,2002,18757026
Hungary,2002,207528
India,2002,5082600
Iran,2002,61991.3
Ireland,2002,6700
Italy,2002,13440
Japan,2002,1098
Kazakhstan,2002,2105
Kyrgyzstan,2002,254
Land Locked Developing Countries (FAO),2002,28126
Latvia,2002,32700
Least Developed Countries (FAO),2002,249943
Lithuania,2002,105600
Low Income Food Deficit Countries (FAO),2002,18721
Low-income countries,2002,16943
Lower-middle-income countries,2002,5698180.5
Luxembourg,2002,12522
Mexico,2002,1000
Moldova,2002,1000
Mongolia,2002,0
Morocco,2002,1000
Myanmar,2002,0
Net Food Importing Developing Countries (FAO),2002,474643
Netherlands,2002,1455
New Zealand,2002,4000
North America,2002,5218867
North Macedonia,2002,300
Northern Africa (FAO),2002,30500
Northern America (FAO),2002,5217867
Northern Europe (FAO),2002,2174430
Norway,2002,17845
Oceania,2002,1759863
Oceania (FAO),2002,1759863
Pakistan,2002,221200
Paraguay,2002,6000
Poland,2002,952737
Romania,2002,35906
Russia,2002,115333
Serbia and Montenegro,2002,6311
Slovakia,2002,257307
Slovenia,2002,5179
South Africa,2002,33970
South America,2002,66820
South America (FAO),2002,66820
South Korea,2002,612
Southern Africa (FAO),2002,33970
Southern Asia (FAO),2002,5598791.5
Southern Europe (FAO),2002,67803.56
Spain,2002,10787
Sweden,2002,159200
Switzerland,2002,48870
Taiwan,2002,5
Tajikistan,2002,24
Tunisia,2002,2500
Turkey,2002,1500
Ukraine,2002,60800
United Kingdom,2002,1467720
United States,2002,697367
Upper-middle-income countries,2002,10841438
Uruguay,2002,0
Uzbekistan,2002,1500
Western Asia (FAO),2002,1500
Western Europe (FAO),2002,7378448
World,2002,35313588
Africa,2003,92620
Africa (FAO),2003,92620
Algeria,2003,28000
Americas (FAO),2003,7555653
Argentina,2003,10450
Asia,2003,15879090
Asia (FAO),2003,15879090
Australia,2003,870827
Austria,2003,77720
Bangladesh,2003,217980
Belarus,2003,55508
Belgium,2003,16768
Bosnia and Herzegovina,2003,66
Brazil,2003,57000
Bulgaria,2003,11291
Canada,2003,6771200
Central America (FAO),2003,1000
Central Asia (FAO),2003,9482
Chile,2003,19541
China,2003,11420000
China (FAO),2003,11420006
Colombia,2003,0
Croatia,2003,28596
Czechia,2003,387805
Denmark,2003,354200
Eastern Africa (FAO),2003,19850
Eastern Asia (FAO),2003,11421889
Eastern Europe (FAO),2003,1666635.8
Estonia,2003,69235
Ethiopia,2003,19850
Europe,2003,11472497
Europe (FAO),2003,11472498
European Union (27),2003,9335014
European Union (27) (FAO),2003,9335014
Finland,2003,93600
France,2003,3369013.8
Germany,2003,3633936
Greece,2003,4059.91
High-income countries,2003,19505016
Hungary,2003,108059
India,2003,3879800
Iran,2003,108438.5
Ireland,2003,7200
Italy,2003,6636
Japan,2003,1015
Kazakhstan,2003,7335
Kyrgyzstan,2003,320
Land Locked Developing Countries (FAO),2003,47270.81
Latvia,2003,37400
Least Developed Countries (FAO),2003,237830
Lithuania,2003,119500
Low Income Food Deficit Countries (FAO),2003,21997
Low-income countries,2003,19850
Lower-middle-income countries,2003,4530074.5
Luxembourg,2003,12535
Mexico,2003,1000
Moldova,2003,7171.81
Mongolia,2003,0
Morocco,2003,1000
Myanmar,2003,0
Net Food Importing Developing Countries (FAO),2003,476830
Netherlands,2003,3363
New Zealand,2003,4000
North America,2003,7458662
North Macedonia,2003,767
Northern Africa (FAO),2003,32000
Northern America (FAO),2003,7457662
Northern Europe (FAO),2003,2592709
Norway,2003,11320
Oceania,2003,874827
Oceania (FAO),2003,874827
Pakistan,2003,235000
Paraguay,2003,10000
Poland,2003,792971
Romania,2003,8080
Russia,2003,191888
Serbia and Montenegro,2003,3809
Slovakia,2003,52962
Slovenia,2003,4831
South Africa,2003,40770
South America,2003,96991
South America (FAO),2003,96991
South Korea,2003,868
Southern Africa (FAO),2003,40770
Southern Asia (FAO),2003,4441218.5
Southern Europe (FAO),2003,54516.91
Spain,2003,5752
Sweden,2003,129500
Switzerland,2003,45300
Taiwan,2003,6
Tajikistan,2003,27
Tunisia,2003,3000
Turkey,2003,6500
Ukraine,2003,50900
United Kingdom,2003,1770754
United States,2003,686462
Upper-middle-income countries,2003,11819747
Uruguay,2003,0
Uzbekistan,2003,1800
Western Asia (FAO),2003,6500
Western Europe (FAO),2003,7158636
World,2003,35874690
Africa,2004,93784
Africa (FAO),2004,93784
Algeria,2004,29000
Americas (FAO),2004,8428918
Argentina,2004,20285
Asia,2004,20062092
Asia (FAO),2004,20062092
Australia,2004,1703117
Austria,2004,120815
Bangladesh,2004,210570
Belarus,2004,142865
Belgium,2004,22895
Bosnia and Herzegovina,2004,403
Brazil,2004,57000
Bulgaria,2004,22388
Canada,2004,7673600
Central America (FAO),2004,2000
Central Asia (FAO),2004,7004.09
Chile,2004,18500
China,2004,13182000
China (FAO),2004,13182010
Colombia,2004,0
Croatia,2004,31392
Czechia,2004,934674
Denmark,2004,468100
Eastern Africa (FAO),2004,29284
Eastern Asia (FAO),2004,13184402
Eastern Europe (FAO),2004,3811533
Estonia,2004,68598
Ethiopia,2004,29284
Europe,2004,16149580
Europe (FAO),2004,16149580
European Union (27),2004,13894448
European Union (27) (FAO),2004,13894448
Finland,2004,74800
France,2004,3997878.8
Germany,2004,5276589
Greece,2004,5643.28
High-income countries,2004,25564446
Hungary,2004,290551
India,2004,6291400
Iran,2004,126115.4
Ireland,2004,6700
Italy,2004,5180
Japan,2004,1000
Kazakhstan,2004,4322
Kyrgyzstan,2004,1027
Land Locked Developing Countries (FAO),2004,84645.09
Latvia,2004,103600
Least Developed Countries (FAO),2004,239854
Lithuania,2004,204700
Low Income Food Deficit Countries (FAO),2004,31966.09
Low-income countries,2004,29284
Lower-middle-income countries,2004,7054798.5
Luxembourg,2004,16526
Mexico,2004,2000
Moldova,2004,1073
Mongolia,2004,0
Morocco,2004,1000
Myanmar,2004,0
Net Food Importing Developing Countries (FAO),2004,481454
Netherlands,2004,7500
New Zealand,2004,4000
North America,2004,8288133
North Macedonia,2004,2284
Northern Africa (FAO),2004,32500
Northern America (FAO),2004,8286133
Northern Europe (FAO),2004,2773132
Norway,2004,12300
Oceania,2004,1707117
Oceania (FAO),2004,1707117
Pakistan,2004,238100
Paraguay,2004,45000
Poland,2004,1632919
Romania,2004,98661
Russia,2004,276842
Serbia and Montenegro,2004,4531
Slovakia,2004,262660
Slovenia,2004,5418
South Africa,2004,32000
South America,2004,140785
South America (FAO),2004,140785
South Korea,2004,1392
Southern Africa (FAO),2004,32000
Southern Asia (FAO),2004,6866185.5
Southern Europe (FAO),2004,63611.28
Spain,2004,8760
Sweden,2004,227500
Switzerland,2004,59100
Taiwan,2004,10
Tajikistan,2004,23
Tunisia,2004,2500
Turkey,2004,4500
Ukraine,2004,148900
United Kingdom,2004,1606834
United States,2004,612533
Upper-middle-income countries,2004,13792962
Uruguay,2004,0
Uzbekistan,2004,1632.09
Western Asia (FAO),2004,4500
Western Europe (FAO),2004,9501304
World,2004,46441492
Africa,2005,112654.56
Africa (FAO),2005,112654.56
Algeria,2005,29000
Americas (FAO),2005,10399834
Argentina,2005,26050
Asia,2005,21322892
Asia (FAO),2005,21322892
Australia,2005,1542319
Austria,2005,104303
Bangladesh,2005,191375
Belarus,2005,149855
Belgium,2005,24000
Bosnia and Herzegovina,2005,995
Brazil,2005,40000
Bulgaria,2005,21778
Canada,2005,9483300
Central America (FAO),2005,5000
Central Asia (FAO),2005,32638.16
Chile,2005,44000
China,2005,13052255
China (FAO),2005,13052264
Colombia,2005,0
Croatia,2005,41275
Czechia,2005,769377
Denmark,2005,342200
Eastern Africa (FAO),2005,35838
Eastern Asia (FAO),2005,13054880
Eastern Europe (FAO),2005,3648324
Estonia,2005,83067
Ethiopia,2005,35838
Europe,2005,16508529
Europe (FAO),2005,16508530
European Union (27),2005,13793720
European Union (27) (FAO),2005,13793721
Finland,2005,105600
France,2005,4532787
Germany,2005,5051700
Greece,2005,5248.42
High-income countries,2005,27536874
Hungary,2005,282713
India,2005,7593100
Iran,2005,234698.5
Ireland,2005,14200
Italy,2005,6079
Japan,2005,1000
Kazakhstan,2005,30000
Kyrgyzstan,2005,863
Land Locked Developing Countries (FAO),2005,152411.16
Latvia,2005,145700
Least Developed Countries (FAO),2005,227213
Lithuania,2005,201200
Low Income Food Deficit Countries (FAO),2005,38476.16
Low-income countries,2005,35838
Lower-middle-income countries,2005,8557461
Luxembourg,2005,14704
Mexico,2005,5000
Moldova,2005,3275
Mongolia,2005,0
Morocco,2005,1000
Myanmar,2005,0
Net Food Importing Developing Countries (FAO),2005,445829.56
Netherlands,2005,7736
New Zealand,2005,3449.6
North America,2005,10206784
North Macedonia,2005,660
Northern Africa (FAO),2005,32616.56
Northern America (FAO),2005,10201784
Northern Europe (FAO),2005,2999120
Norway,2005,11230
Oceania,2005,1545768.6
Oceania (FAO),2005,1545768.6
Pakistan,2005,215000
Paraguay,2005,80000
Poland,2005,1449756
Romania,2005,147566
Russia,2005,304238
Serbia and Montenegro,2005,3333
Slovakia,2005,235066
Slovenia,2005,5352
South Africa,2005,44200
South America,2005,193050
South America (FAO),2005,193050
South Korea,2005,1616
Southern Africa (FAO),2005,44200
Southern Asia (FAO),2005,8234173.5
Southern Europe (FAO),2005,67055.42
Spain,2005,4113
Sweden,2005,198200
Switzerland,2005,58800
Taiwan,2005,9.19
Tajikistan,2005,44
Tunisia,2005,2616.56
Turkey,2005,1200
Ukraine,2005,284700
United Kingdom,2005,1897723
United States,2005,718484
Upper-middle-income countries,2005,13759506
Uruguay,2005,3000
Uzbekistan,2005,1731.16
Western Asia (FAO),2005,1200
Western Europe (FAO),2005,9794030
World,2005,49889680
Africa,2006,93860.17
Africa (FAO),2006,93860.17
Algeria,2006,29000
Americas (FAO),2006,9808746
Argentina,2006,9140
Asia,2006,19867798
Asia (FAO),2006,19867798
Australia,2006,1418941
Austria,2006,137303
Bangladesh,2006,183465
Belarus,2006,115042
Belgium,2006,33976
Bosnia and Herzegovina,2006,2127
Brazil,2006,41000
Bulgaria,2006,28463
Canada,2006,9000300
Central America (FAO),2006,8000
Central Asia (FAO),2006,65880
Chile,2006,47200
China,2006,10966000
China (FAO),2006,10966009
Colombia,2006,0
Croatia,2006,19996
Czechia,2006,880172
Denmark,2006,434700
Eastern Africa (FAO),2006,24351
Eastern Asia (FAO),2006,10978748
Eastern Europe (FAO),2006,4582648
Estonia,2006,84609
Ethiopia,2006,24351
Europe,2006,17469110
Europe (FAO),2006,17469110
European Union (27),2006,14251863
European Union (27) (FAO),2006,14251863
Finland,2006,148200
France,2006,4144485
Germany,2006,5336500
Greece,2006,4000
High-income countries,2006,27292998
Hungary,2006,338006
India,2006,8131200
Iran,2006,315089.8
Ireland,2006,17900
Italy,2006,5961
Japan,2006,1000
Kazakhstan,2006,63300
Kyrgyzstan,2006,609
Land Locked Developing Countries (FAO),2006,170536
Latvia,2006,120600
Least Developed Countries (FAO),2006,207816
Lithuania,2006,169600
Low Income Food Deficit Countries (FAO),2006,26931
Low-income countries,2006,24351
Lower-middle-income countries,2006,9462844
Luxembourg,2006,16250
Mexico,2006,8000
Moldova,2006,6947
Mongolia,2006,11000
Morocco,2006,1000
Myanmar,2006,0
Net Food Importing Developing Countries (FAO),2006,403625.16
Netherlands,2006,11600
New Zealand,2006,2918.28
North America,2006,9641248
North Macedonia,2006,200
Northern Africa (FAO),2006,33009.17
Northern America (FAO),2006,9633248
Northern Europe (FAO),2006,3095652
Norway,2006,9550
Oceania,2006,1421859.2
Oceania (FAO),2006,1421859.2
Pakistan,2006,180800
Paraguay,2006,62158
Poland,2006,1651525
Romania,2006,175050
Russia,2006,522093
Serbia,2006,7595
Slovakia,2006,259650
Slovenia,2006,4991
South Africa,2006,36500
South America,2006,167498
South America (FAO),2006,167498
South Korea,2006,739
Southern Africa (FAO),2006,36500
Southern Asia (FAO),2006,8810555
Southern Europe (FAO),2006,52796
Spain,2006,7926
Sweden,2006,220400
Switzerland,2006,57900
Taiwan,2006,8.74
Tajikistan,2006,71
Tunisia,2006,3009.17
Turkey,2006,12615
Ukraine,2006,605700
United Kingdom,2006,1890093
United States,2006,632948
Upper-middle-income countries,2006,11881180
Uruguay,2006,8000
Uzbekistan,2006,1900
Western Asia (FAO),2006,12615
Western Europe (FAO),2006,9738014
World,2006,48661372
Africa,2007,100332.29
Africa (FAO),2007,100332.29
Algeria,2007,29000
Americas (FAO),2007,10444757
Argentina,2007,11230
Asia,2007,18935660
Asia (FAO),2007,18935660
Australia,2007,573325
Austria,2007,144706
Bangladesh,2007,188880
Belarus,2007,240085
Belgium,2007,40495
Bosnia and Herzegovina,2007,3925
Brazil,2007,42000
Bulgaria,2007,93018
Canada,2007,9611100
Central America (FAO),2007,4000
Central Asia (FAO),2007,120373
Chile,2007,40908
China,2007,10572561
China (FAO),2007,10572571
Colombia,2007,0
Croatia,2007,39330
Czechia,2007,1031920
Denmark,2007,588600
Eastern Africa (FAO),2007,29206
Eastern Asia (FAO),2007,10581790
Eastern Europe (FAO),2007,6375302
Estonia,2007,133340
Ethiopia,2007,29206
Europe,2007,20517046
Europe (FAO),2007,20517046
European Union (27),2007,16353152
European Union (27) (FAO),2007,16353152
Finland,2007,113500
France,2007,4691098
Germany,2007,5320518
Greece,2007,726.57
High-income countries,2007,29322846
Hungary,2007,485901
India,2007,7438000
Iran,2007,356890.4
Ireland,2007,31900
Italy,2007,14884
Japan,2007,1000
Kazakhstan,2007,118310
Kyrgyzstan,2007,232
Land Locked Developing Countries (FAO),2007,271282
Latvia,2007,196900
Least Developed Countries (FAO),2007,218086
Lithuania,2007,311900
Low Income Food Deficit Countries (FAO),2007,31269
Low-income countries,2007,29206
Lower-middle-income countries,2007,9294710
Luxembourg,2007,18302
Mexico,2007,4000
Moldova,2007,34180
Mongolia,2007,7500
Morocco,2007,1000
Myanmar,2007,0
Net Food Importing Developing Countries (FAO),2007,450562.28
Netherlands,2007,11800
New Zealand,2007,2000
North America,2007,10264619
North Macedonia,2007,23
Northern Africa (FAO),2007,32976.29
Northern America (FAO),2007,10260619
Northern Europe (FAO),2007,3715671
Norway,2007,9010
Oceania,2007,575325
Oceania (FAO),2007,575325
Pakistan,2007,221000
Paraguay,2007,80000
Poland,2007,2129873
Romania,2007,361500
Russia,2007,630325
Serbia,2007,29825
Slovakia,2007,321100
Slovenia,2007,14740
South Africa,2007,38150
South America,2007,180138
South America (FAO),2007,180138
South Korea,2007,719
Southern Africa (FAO),2007,38150
Southern Asia (FAO),2007,8204770.5
Southern Europe (FAO),2007,138153.56
Spain,2007,34700
Sweden,2007,222400
Switzerland,2007,61000
Taiwan,2007,10
Tajikistan,2007,31
Tunisia,2007,2976.29
Turkey,2007,28727
Ukraine,2007,1047400
United Kingdom,2007,2108121
United States,2007,649519
Upper-middle-income countries,2007,11926359
Uruguay,2007,6000
Uzbekistan,2007,1800
Western Asia (FAO),2007,28727
Western Europe (FAO),2007,10287919
World,2007,50573120
Africa,2008,111493.19
Africa (FAO),2008,111493.19
Algeria,2008,28905.33
Americas (FAO),2008,13493365
Argentina,2008,20411
Asia,2008,18704138
Asia (FAO),2008,18704138
Australia,2008,1214373
Austria,2008,174592
Bangladesh,2008,227930
Belarus,2008,513959
Belgium,2008,33228
Bosnia and Herzegovina,2008,1992
Brazil,2008,44000
Bulgaria,2008,231176
Canada,2008,12644900
Central America (FAO),2008,4000
Central Asia (FAO),2008,84408.76
Chile,2008,66590
China,2008,12101700
China (FAO),2008,12101708
Colombia,2008,0
Croatia,2008,62942
Czechia,2008,1048943
Denmark,2008,629200
Eastern Africa (FAO),2008,47721
Eastern Asia (FAO),2008,12108933
Eastern Europe (FAO),2008,9372472
Estonia,2008,111149
Ethiopia,2008,47721
Europe,2008,23347972
Europe (FAO),2008,23347972
European Union (27),2008,17014116
European Union (27) (FAO),2008,17014116
Finland,2008,88900
France,2008,4721288
Germany,2008,5154700
Greece,2008,1163.57
High-income countries,2008,33421656
Hungary,2008,654706
India,2008,5834000
Iran,2008,179800.1
Ireland,2008,20300
Italy,2008,32659
Japan,2008,1000
Kazakhstan,2008,82690
Kyrgyzstan,2008,122
Land Locked Developing Countries (FAO),2008,282854.75
Latvia,2008,198500
Least Developed Countries (FAO),2008,275651
Lithuania,2008,330200
Low Income Food Deficit Countries (FAO),2008,49439.76
Low-income countries,2008,47721
Lower-middle-income countries,2008,9339321
Luxembourg,2008,16493
Mexico,2008,4000
Moldova,2008,95371
Mongolia,2008,5000
Morocco,2008,1000
Myanmar,2008,0
Net Food Importing Developing Countries (FAO),2008,469817.88
Netherlands,2008,9500
New Zealand,2008,1883.19
North America,2008,13304510
North Macedonia,2008,500
Northern Africa (FAO),2008,32972.19
Northern America (FAO),2008,13300510
Northern Europe (FAO),2008,3620676
Norway,2008,9800
Oceania,2008,1216256.2
Oceania (FAO),2008,1216256.2
Pakistan,2008,185100
Paraguay,2008,49854
Poland,2008,2105840
Romania,2008,673033
Russia,2008,752200
Serbia,2008,51907
Slovakia,2008,424444
Slovenia,2008,10949
South Africa,2008,30800
South America,2008,188855
South America (FAO),2008,188855
South Korea,2008,1225
Southern Africa (FAO),2008,30800
Southern Asia (FAO),2008,6426830
Southern Europe (FAO),2008,182922.56
Spain,2008,20810
Sweden,2008,259400
Switzerland,2008,62100
Taiwan,2008,8.18
Tajikistan,2008,30
Tunisia,2008,3066.86
Turkey,2008,83965
Ukraine,2008,2872800
United Kingdom,2008,1973227
United States,2008,655610
Upper-middle-income countries,2008,14064525
Uruguay,2008,8000
Uzbekistan,2008,1566.76
Western Asia (FAO),2008,83965
Western Europe (FAO),2008,10171901
World,2008,56873224
Africa,2009,92363.29
Africa (FAO),2009,92363.29
Algeria,2009,25227.85
Americas (FAO),2009,13805029
Argentina,2009,61167
Asia,2009,21639470
Asia (FAO),2009,21639470
Australia,2009,1844157
Austria,2009,171073
Bangladesh,2009,202717
Belarus,2009,610968
Belgium,2009,41669
Bosnia and Herzegovina,2009,1835
Brazil,2009,42000
Bulgaria,2009,235490
Canada,2009,12898100
Central America (FAO),2009,3000
Central Asia (FAO),2009,109053.91
Chile,2009,78501
China,2009,13657000
China (FAO),2009,13657009
Colombia,2009,0
Croatia,2009,80424
Czechia,2009,1128119
Denmark,2009,637400
Eastern Africa (FAO),2009,22628
Eastern Asia (FAO),2009,13663613
Eastern Europe (FAO),2009,8616346
Estonia,2009,135992
Ethiopia,2009,22628
Europe,2009,24824472
Europe (FAO),2009,24824472
European Union (27),2009,19570534
European Union (27) (FAO),2009,19570534
Finland,2009,139900
France,2009,5588526.5
Germany,2009,6306700
Greece,2009,5345.11
High-income countries,2009,36821790
Hungary,2009,579365
India,2009,7200700
Iran,2009,150600.5
Ireland,2009,23700
Italy,2009,50200
Japan,2009,1000
Kazakhstan,2009,107220
Kyrgyzstan,2009,188
Land Locked Developing Countries (FAO),2009,254479.9
Latvia,2009,204700
Least Developed Countries (FAO),2009,225345
Lithuania,2009,415800
Low Income Food Deficit Countries (FAO),2009,24461.91
Low-income countries,2009,22628
Lower-middle-income countries,2009,9661437
Luxembourg,2009,18132
Mexico,2009,3000
Moldova,2009,69136
Mongolia,2009,4000
Morocco,2009,1000
Myanmar,2009,0
Net Food Importing Developing Countries (FAO),2009,432402.44
Netherlands,2009,11964
New Zealand,2009,3220.24
North America,2009,13566200
North Macedonia,2009,1501
Northern Africa (FAO),2009,29385.29
Northern America (FAO),2009,13563200
Northern Europe (FAO),2009,3774948
Norway,2009,6860
Oceania,2009,1847377.2
Oceania (FAO),2009,1847377.2
Pakistan,2009,198900
Paraguay,2009,48161
Poland,2009,2496825
Romania,2009,569611
Russia,2009,666841
Serbia,2009,44300
Slovakia,2009,386691
Slovenia,2009,9845
South Africa,2009,40350
South America,2009,238829
South America (FAO),2009,238829
South Korea,2009,1604
Southern Africa (FAO),2009,40350
Southern Asia (FAO),2009,7752917.5
Southern Europe (FAO),2009,228113.11
Spain,2009,34663
Sweden,2009,298400
Switzerland,2009,67000
Taiwan,2009,8.58
Tajikistan,2009,40
Tunisia,2009,3157.44
Turkey,2009,113886
Ukraine,2009,1873300
United Kingdom,2009,1912196
United States,2009,665100
Upper-middle-income countries,2009,15702855
Uruguay,2009,9000
Uzbekistan,2009,1605.91
Western Asia (FAO),2009,113886
Western Europe (FAO),2009,12205065
World,2009,62208710
Africa,2010,85587.82
Africa (FAO),2010,85587.82
Algeria,2010,25316.44
Americas (FAO),2010,14150869
Argentina,2010,17215
Asia,2010,20451732
Asia (FAO),2010,20451732
Australia,2010,1907272
Austria,2010,170584
Bangladesh,2010,221928
Belarus,2010,374522
Belgium,2010,45665
Bosnia and Herzegovina,2010,1167
Brazil,2010,70000
Bulgaria,2010,544841
Canada,2010,12788600
Central America (FAO),2010,8000
Central Asia (FAO),2010,110921.2
Chile,2010,43933.7
China,2010,13082000
China (FAO),2010,13082010
Colombia,2010,0
Croatia,2010,33047
Czechia,2010,1042418
Denmark,2010,579800
Eastern Africa (FAO),2010,19123.37
Eastern Asia (FAO),2010,13096232
Eastern Europe (FAO),2010,8171343
Estonia,2010,131022
Ethiopia,2010,19123.37
Europe,2010,23262808
Europe (FAO),2010,23262808
European Union (27),2010,18364704
European Union (27) (FAO),2010,18364704
Finland,2010,178500
France,2010,4815239
Germany,2010,5697595
Greece,2010,25175.5
High-income countries,2010,35995270
Hungary,2010,530619
India,2010,6608100
Iran,2010,145900.4
Ireland,2010,28100
Italy,2010,50300
Japan,2010,1570
Kazakhstan,2010,109170
Kyrgyzstan,2010,110
Land Locked Developing Countries (FAO),2010,293099.56
Latvia,2010,226300
Least Developed Countries (FAO),2010,241051.36
Lithuania,2010,416700
Low Income Food Deficit Countries (FAO),2010,20874.57
Low-income countries,2010,19123.37
Lower-middle-income countries,2010,8650214
Luxembourg,2010,15895
Mexico,2010,8000
Moldova,2010,45000
Mongolia,2010,11070
Morocco,2010,1000
Myanmar,2010,0
Net Food Importing Developing Countries (FAO),2010,418569.38
Netherlands,2010,11521
New Zealand,2010,3071.54
North America,2010,13908720
North Macedonia,2010,4985
Northern Africa (FAO),2010,29564.45
Northern America (FAO),2010,13900720
Northern Europe (FAO),2010,4076970
Norway,2010,10200
Oceania,2010,1910343.5
Oceania (FAO),2010,1910343.5
Pakistan,2010,162200
Paraguay,2010,102000
Poland,2010,2228676
Romania,2010,943033
Russia,2010,670082
Serbia,2010,24399
Slovakia,2010,322452
Slovenia,2010,15522
South Africa,2010,36900
South America,2010,242148.7
South America (FAO),2010,242148.7
South Korea,2010,1581.51
Southern Africa (FAO),2010,36900
Southern Asia (FAO),2010,7138128.5
Southern Europe (FAO),2010,190095.5
Spain,2010,35500
Sweden,2010,276200
Switzerland,2010,67900
Taiwan,2010,10.14
Tajikistan,2010,41.2
Tunisia,2010,3248.01
Turkey,2010,106450
Ukraine,2010,1469700
United Kingdom,2010,2230148
United States,2010,1112120
Upper-middle-income countries,2010,15196731
Uruguay,2010,9000
Uzbekistan,2010,1600
Western Asia (FAO),2010,106450
Western Europe (FAO),2010,10824399
World,2010,59861340
Africa,2011,162636.75
Africa (FAO),2011,162636.73
Algeria,2011,24832.17
Americas (FAO),2011,15571488
Argentina,2011,23335
Asia,2011,22458018
Asia (FAO),2011,22458018
Australia,2011,2358735
Austria,2011,179669
Bangladesh,2011,246000
Belarus,2011,379296
Belgium,2011,52211
Bosnia and Herzegovina,2011,1530
Brazil,2011,52000
Bulgaria,2011,519910
Canada,2011,14608100
Central America (FAO),2011,4000
Central Asia (FAO),2011,150146.97
Chile,2011,71466
China,2011,13426000
China (FAO),2011,13426010
Colombia,2011,0
Croatia,2011,49483
Czechia,2011,1046071
Denmark,2011,508300
Eastern Africa (FAO),2011,74666
Eastern Asia (FAO),2011,13435532
Eastern Europe (FAO),2011,7863800
Estonia,2011,144194
Ethiopia,2011,74666
Europe,2011,22214778
Europe (FAO),2011,22214778
European Union (27),2011,16486005
European Union (27) (FAO),2011,16486005
Finland,2011,115100
France,2011,5369011
Germany,2011,3869500
Greece,2011,21896.86
High-income countries,2011,36563070
Hungary,2011,526712
India,2011,8179000
Iran,2011,161300
Ireland,2011,55900
Italy,2011,44033
Japan,2011,1950
Kazakhstan,2011,148474.5
Kyrgyzstan,2011,100
Land Locked Developing Countries (FAO),2011,400788.97
Latvia,2011,219100
Least Developed Countries (FAO),2011,320666
Lithuania,2011,484300
Low Income Food Deficit Countries (FAO),2011,76338.47
Low-income countries,2011,74666
Lower-middle-income countries,2011,10255576
Luxembourg,2011,15574
Mexico,2011,4000
Moldova,2011,65000
Mongolia,2011,6133
Morocco,2011,1000
Myanmar,2011,0
Net Food Importing Developing Countries (FAO),2011,525937.56
Netherlands,2011,6757
New Zealand,2011,2995.42
North America,2011,15306470
North Macedonia,2011,3626
Northern Africa (FAO),2011,29170.74
Northern America (FAO),2011,15302470
Northern Europe (FAO),2011,4541306
Norway,2011,8610
Oceania,2011,2361730.5
Oceania (FAO),2011,2361730.5
Pakistan,2011,194800
Paraguay,2011,101217
Poland,2011,1861807
Romania,2011,738971
Russia,2011,956378
Serbia,2011,44531
Slovakia,2011,332155
Slovenia,2011,13948
South Africa,2011,58800
South America,2011,265018
South America (FAO),2011,265018
South Korea,2011,1439.32
Southern Africa (FAO),2011,58800
Southern Asia (FAO),2011,8781100
Southern Europe (FAO),2011,242949.86
Spain,2011,63902
Sweden,2011,247500
Switzerland,2011,74000
Taiwan,2011,10.14
Tajikistan,2011,24.9
Tunisia,2011,3338.58
Turkey,2011,91239
Ukraine,2011,1437500
United Kingdom,2011,2758302
United States,2011,694370
Upper-middle-income countries,2011,15875336
Uruguay,2011,17000
Uzbekistan,2011,1547.57
Western Asia (FAO),2011,91239
Western Europe (FAO),2011,9566722
World,2011,62768652
Africa,2012,180064.47
Africa (FAO),2012,180064.45
Algeria,2012,24347.89
Americas (FAO),2012,15323125
Argentina,2012,50620
Asia,2012,21442710
Asia (FAO),2012,21442710
Australia,2012,3427294
Austria,2012,148869
Bangladesh,2012,262000
Belarus,2012,704391
Belgium,2012,48431
Bosnia and Herzegovina,2012,562
Brazil,2012,61000
Bulgaria,2012,271041
Canada,2012,13868500
Central America (FAO),2012,3000
Central Asia (FAO),2012,118387.4
Chile,2012,113643
China,2012,14007307
China (FAO),2012,14007317
Colombia,2012,0
Croatia,2012,26406
Czechia,2012,1109137
Denmark,2012,484600
Eastern Africa (FAO),2012,72287.42
Eastern Asia (FAO),2012,14031423
Eastern Europe (FAO),2012,6943482
Estonia,2012,157816
Ethiopia,2012,72287.42
Europe,2012,22274502
Europe (FAO),2012,22274502
European Union (27),2012,16699297
European Union (27) (FAO),2012,16699297
Finland,2012,73200
France,2012,5463185.5
Germany,2012,4821100
Greece,2012,14087.38
High-income countries,2012,37596560
Hungary,2012,414640
India,2012,6600000
Iran,2012,142099.8
Ireland,2012,58700
Italy,2012,25191.6
Japan,2012,1870
Kazakhstan,2012,116865.4
Kyrgyzstan,2012,0
Land Locked Developing Countries (FAO),2012,385846.8
Latvia,2012,303500
Least Developed Countries (FAO),2012,334287.4
Lithuania,2012,632900
Low Income Food Deficit Countries (FAO),2012,73809.42
Low-income countries,2012,72287.42
Lower-middle-income countries,2012,8438583
Luxembourg,2012,15338
Mexico,2012,3000
Moldova,2012,59000
Mongolia,2012,20984
Morocco,2012,1000
Myanmar,2012,0
Net Food Importing Developing Countries (FAO),2012,538500.56
Netherlands,2012,7475
New Zealand,2012,2919.29
North America,2012,14958362
North Macedonia,2012,4688
Northern Africa (FAO),2012,28777.04
Northern America (FAO),2012,14955362
Northern Europe (FAO),2012,4596494
Norway,2012,11335
Oceania,2012,3430213.2
Oceania (FAO),2012,3430213.2
Pakistan,2012,178800
Paraguay,2012,110500
Poland,2012,1865598
Romania,2012,157511
Russia,2012,945132
Serbia,2012,20076
Slovakia,2012,212632
Slovenia,2012,16692
South Africa,2012,79000
South America,2012,364763
South America (FAO),2012,364763
South Korea,2012,1251.44
Southern Africa (FAO),2012,79000
Southern Asia (FAO),2012,7182900
Southern Europe (FAO),2012,161149.98
Spain,2012,53447
Sweden,2012,317800
Switzerland,2012,68977
Taiwan,2012,10.14
Tajikistan,2012,122
Tunisia,2012,3429.15
Turkey,2012,110000
Ukraine,2012,1204400
United Kingdom,2012,2556643
United States,2012,1086862
Upper-middle-income countries,2012,16543182
Uruguay,2012,29000
Uzbekistan,2012,1400
Western Asia (FAO),2012,110000
Western Europe (FAO),2012,10573376
World,2012,62650616
Africa,2013,202831.44
Africa (FAO),2013,202831.44
Algeria,2013,23863.61
Americas (FAO),2013,20015748
Argentina,2013,128320
Asia,2013,23357240
Asia (FAO),2013,23357240
Australia,2013,4141731
Austria,2013,196828
Bangladesh,2013,294000
Belarus,2013,675546
Belgium,2013,60900
Bosnia and Herzegovina,2013,1857
Brazil,2013,36000
Bulgaria,2013,336731
Canada,2013,18551000
Central America (FAO),2013,3000
Central Asia (FAO),2013,243328.8
Chile,2013,155877
China,2013,14458015
China (FAO),2013,14458025
Colombia,2013,0
Croatia,2013,47827
Czechia,2013,1443210
Denmark,2013,687655
Eastern Africa (FAO),2013,62448.1
Eastern Asia (FAO),2013,14502594
Eastern Europe (FAO),2013,10386634
Estonia,2013,174028
Ethiopia,2013,62448.1
Europe,2013,25449794
Europe (FAO),2013,25449794
European Union (27),2013,18852782
European Union (27) (FAO),2013,18852782
Finland,2013,80200
France,2013,4366200
Germany,2013,5784300
Greece,2013,12181.5
High-income countries,2013,44613590
Hungary,2013,532510
India,2013,7820000
Iran,2013,174999.3
Ireland,2013,49200
Italy,2013,40242.2
Japan,2013,1770
Kazakhstan,2013,241795.8
Kyrgyzstan,2013,0
Land Locked Developing Countries (FAO),2013,527516.9
Latvia,2013,296600
Least Developed Countries (FAO),2013,356448.1
Lithuania,2013,550600
Low Income Food Deficit Countries (FAO),2013,63981.1
Low-income countries,2013,62448.1
Lower-middle-income countries,2013,10932694
Luxembourg,2013,15259
Mexico,2013,3000
Moldova,2013,70000
Mongolia,2013,41730
Morocco,2013,1000
Myanmar,2013,0
Net Food Importing Developing Countries (FAO),2013,623015.8
Netherlands,2013,10275
New Zealand,2013,2843.16
North America,2013,19557550
North Macedonia,2013,5010
Northern Africa (FAO),2013,28383.33
Northern America (FAO),2013,19554550
Northern Europe (FAO),2013,4299965
Norway,2013,6040
Oceania,2013,4144574.2
Oceania (FAO),2013,4144574.2
Pakistan,2013,220318
Paraguay,2013,105000
Poland,2013,2677665
Romania,2013,666097
Russia,2013,1259184.8
Serbia,2013,26992
Slovakia,2013,373960
Slovenia,2013,15113
South Africa,2013,112000
South America,2013,458197
South America (FAO),2013,458197
South Korea,2013,1068.69
Southern Africa (FAO),2013,112000
Southern Asia (FAO),2013,8509317
Southern Europe (FAO),2013,256922.7
Spain,2013,107700
Sweden,2013,327500
Switzerland,2013,72510
Taiwan,2013,10.14
Tajikistan,2013,33
Tunisia,2013,3519.72
Turkey,2013,102000
Ukraine,2013,2351730
United Kingdom,2013,2128142
United States,2013,1003550
Upper-middle-income countries,2013,17561452
Uruguay,2013,33000
Uzbekistan,2013,1500
Western Asia (FAO),2013,102000
Western Europe (FAO),2013,10506272
World,2013,73170184
Africa,2014,203467.25
Africa (FAO),2014,203467.25
Algeria,2014,23530.26
Americas (FAO),2014,17984224
Argentina,2014,111900
Asia,2014,23718786
Asia (FAO),2014,23718786
Australia,2014,3832049
Austria,2014,198285.55
Bangladesh,2014,296000
Belarus,2014,729622
Belgium,2014,58500
Bosnia and Herzegovina,2014,2047
Brazil,2014,55000
Bulgaria,2014,527912
Canada,2014,16410100
Central America (FAO),2014,2000
Central Asia (FAO),2014,242734.3
Chile,2014,136331
China,2014,14772200
China (FAO),2014,14772208
Colombia,2014,0
Croatia,2014,71228
Czechia,2014,1537320
Denmark,2014,708900
Eastern Africa (FAO),2014,53318.6
Eastern Asia (FAO),2014,14826900
Eastern Europe (FAO),2014,11882519
Estonia,2014,166495
Ethiopia,2014,53318.6
Europe,2014,28767434
Europe (FAO),2014,28767434
European Union (27),2014,21829546
European Union (27) (FAO),2014,21829546
Finland,2014,62100
France,2014,5524094
Germany,2014,6247400
Greece,2014,8173.27
High-income countries,2014,45405668
Hungary,2014,699750
India,2014,7877000
Iran,2014,145978.2
Ireland,2014,34200
Italy,2014,41632.8
Japan,2014,1780
Kazakhstan,2014,241477
Kyrgyzstan,2014,0
Land Locked Developing Countries (FAO),2014,535583.9
Latvia,2014,185500
Least Developed Countries (FAO),2014,349318.6
Lithuania,2014,501500
Low Income Food Deficit Countries (FAO),2014,54575.9
Low-income countries,2014,53318.6
Lower-middle-income countries,2014,10819489
Luxembourg,2014,15705
Mexico,2014,2000
Moldova,2014,68171
Mongolia,2014,51912
Morocco,2014,2000
Myanmar,2014,0
Net Food Importing Developing Countries (FAO),2014,627022
Netherlands,2014,10221
New Zealand,2014,2654.7
North America,2014,17552992
North Macedonia,2014,7448
Northern Africa (FAO),2014,29148.66
Northern America (FAO),2014,17550992
Northern Europe (FAO),2014,4450671
Norway,2014,9700
Oceania,2014,3834703.8
Oceania (FAO),2014,3834703.8
Pakistan,2014,220173
Paraguay,2014,112000
Poland,2014,3275806
Romania,2014,1059121
Russia,2014,1337939.5
Rwanda,2014,0
Serbia,2014,31419.47
Slovakia,2014,448857.8
Slovenia,2014,19883
South Africa,2014,121000
South America,2014,431231
South America (FAO),2014,431231
South Korea,2014,1000
Southern Africa (FAO),2014,121000
Southern Asia (FAO),2014,8539151
Southern Europe (FAO),2014,286093.53
Spain,2014,104262
Sweden,2014,322700
Switzerland,2014,93945
Taiwan,2014,7.64
Tajikistan,2014,57.3
Tunisia,2014,3618.39
Turkey,2014,110000
Ukraine,2014,2198020
United Kingdom,2014,2459576
United States,2014,1140892
Upper-middle-income countries,2014,18230136
Uruguay,2014,16000
Uzbekistan,2014,1200
Western Asia (FAO),2014,110000
Western Europe (FAO),2014,12148151
World,2014,74508616
Africa,2015,177660.27
Africa (FAO),2015,177660.27
Algeria,2015,23821.51
Americas (FAO),2015,20219738
Argentina,2015,104849
Asia,2015,21201034
Asia (FAO),2015,21201034
Australia,2015,3540021
Austria,2015,111745.11
Bangladesh,2015,359452
Belarus,2015,382381
Belgium,2015,50744
Bosnia and Herzegovina,2015,2227
Brazil,2015,72000
Bulgaria,2015,422092
Canada,2015,18376500
Central America (FAO),2015,11000
Central Asia (FAO),2015,139492.12
Chile,2015,201480.2
China,2015,13859000
China (FAO),2015,13859007
Colombia,2015,0
Croatia,2015,56783
Czechia,2015,1256212
Denmark,2015,826000
Eastern Africa (FAO),2015,55042.99
Eastern Asia (FAO),2015,13886312
Eastern Europe (FAO),2015,9357969
Estonia,2015,196300
Ethiopia,2015,55042.99
Europe,2015,25138024
Europe (FAO),2015,25138024
European Union (27),2015,19310512
European Union (27) (FAO),2015,19310512
Finland,2015,85300
France,2015,5334404
Germany,2015,5016800
Greece,2015,14950.36
High-income countries,2015,44998590
Hungary,2015,590444
India,2015,6282000
Iran,2015,202345.42
Ireland,2015,39900
Italy,2015,28073.1
Japan,2015,3160
Kazakhstan,2015,138170
Kyrgyzstan,2015,0
Land Locked Developing Countries (FAO),2015,344972.12
Latvia,2015,293200
Least Developed Countries (FAO),2015,414495
Lithuania,2015,512162
Low Income Food Deficit Countries (FAO),2015,56365.12
Low-income countries,2015,55042.99
Lower-middle-income countries,2015,8846914
Luxembourg,2015,13834
Mexico,2015,11000
Moldova,2015,16159
Mongolia,2015,23145
Morocco,2015,2000
Myanmar,2015,0
Net Food Importing Developing Countries (FAO),2015,654867.75
Netherlands,2015,8852
New Zealand,2015,1692.11
North America,2015,19693500
North Macedonia,2015,4133
Northern Africa (FAO),2015,29617.27
Northern America (FAO),2015,19682500
Northern Europe (FAO),2015,4864262
Norway,2015,10400
Oceania,2015,3541713
Oceania (FAO),2015,3541713
Pakistan,2015,211432
Paraguay,2015,107000
Poland,2015,2700776
Romania,2015,919473
Russia,2015,1012206
Rwanda,2015,0
Serbia,2015,33402
Slovakia,2015,320626
Slovenia,2015,3643
South Africa,2015,93000
South America,2015,526238.2
South America (FAO),2015,526238.2
South Korea,2015,1000
Southern Africa (FAO),2015,93000
Southern Asia (FAO),2015,7055229.5
Southern Europe (FAO),2015,292409.47
Spain,2015,149198
Sweden,2015,359000
Switzerland,2015,87004
Taiwan,2015,7.48
Tajikistan,2015,49.7
Tunisia,2015,3795.76
Turkey,2015,120000
Ukraine,2015,1737600
United Kingdom,2015,2542000
United States,2015,1306000
Upper-middle-income countries,2015,16377619
Uruguay,2015,40909
Uzbekistan,2015,1272.43
Western Asia (FAO),2015,120000
Western Europe (FAO),2015,10623383
World,2015,70278170
Africa,2016,177838.98
Africa (FAO),2016,177839
Algeria,2016,23755.18
Americas (FAO),2016,21504968
Argentina,2016,67381
Asia,2016,21080870
Asia (FAO),2016,21080870
Australia,2016,2775479
Austria,2016,141893.31
Bangladesh,2016,361909
Belarus,2016,260035
Belgium,2016,39452
Bosnia and Herzegovina,2016,4443
Brazil,2016,60000
Bulgaria,2016,509251
Canada,2016,19599200
Central America (FAO),2016,4000
Central Asia (FAO),2016,171124.67
Chile,2016,212016
China,2016,13128000
China (FAO),2016,13128008
Colombia,2016,0
Croatia,2016,112990
Czechia,2016,1359125
Denmark,2016,506200
Eastern Africa (FAO),2016,43439.19
Eastern Asia (FAO),2016,13154118
Eastern Europe (FAO),2016,9193925
Estonia,2016,102481
Ethiopia,2016,43439.19
Europe,2016,22700712
Europe (FAO),2016,22700712
European Union (27),2016,18340336
European Union (27) (FAO),2016,18340336
Finland,2016,93900
France,2016,4742935
Germany,2016,4579600
Greece,2016,15509.97
High-income countries,2016,43729556
Hungary,2016,924988
India,2016,6797000
Iran,2016,271517.62
Ireland,2016,34100
Italy,2016,34825
Japan,2016,3650
Kazakhstan,2016,169761
Kyrgyzstan,2016,0
Land Locked Developing Countries (FAO),2016,395430.88
Latvia,2016,283000
Least Developed Countries (FAO),2016,405348.2
Lithuania,2016,399439
Low Income Food Deficit Countries (FAO),2016,44802.86
Low-income countries,2016,43439.19
Lower-middle-income countries,2016,8836760
Luxembourg,2016,10915
Mexico,2016,4000
Moldova,2016,43191
Mongolia,2016,21460
Morocco,2016,2000
Myanmar,2016,0
Net Food Importing Developing Countries (FAO),2016,632652.8
Netherlands,2016,5279
New Zealand,2016,2396.66
North America,2016,21008570
North Macedonia,2016,216
Northern Africa (FAO),2016,29399.81
Northern America (FAO),2016,21004570
Northern Europe (FAO),2016,3473670
Norway,2016,11450
Oceania,2016,2777875.8
Oceania (FAO),2016,2777875.8
Pakistan,2016,200200
Paraguay,2016,116000
Poland,2016,2219270
Romania,2016,1292779
Russia,2016,1000827
Rwanda,2016,0
Serbia,2016,39404
Slovakia,2016,430549
Slovenia,2016,8590
South Africa,2016,105000
South America,2016,496397
South America (FAO),2016,496397
South Korea,2016,1000
Southern Africa (FAO),2016,105000
Southern Asia (FAO),2016,7630626.5
Southern Europe (FAO),2016,441142.97
Spain,2016,225165
Sweden,2016,268100
Switzerland,2016,71900
Taiwan,2016,8.42
Tajikistan,2016,36.9
Tunisia,2016,3644.62
Turkey,2016,125000
Ukraine,2016,1153910
United Kingdom,2016,1775000
United States,2016,1405370
Upper-middle-income countries,2016,15632509
Uruguay,2016,41000
Uzbekistan,2016,1326.77
Western Asia (FAO),2016,125000
Western Europe (FAO),2016,9591974
World,2016,68242264
Africa,2017,161531.81
Africa (FAO),2017,161531.81
Algeria,2017,23399.97
Americas (FAO),2017,23165320
Argentina,2017,49840
Asia,2017,22460822
Asia (FAO),2017,22460822
Australia,2017,4313230
Austria,2017,116835
Bangladesh,2017,362860
Belarus,2017,602451
Belgium,2017,46090
Bosnia and Herzegovina,2017,6374.9
Brazil,2017,50000
Bulgaria,2017,478987
Canada,2017,21328100
Central America (FAO),2017,1000
Central Asia (FAO),2017,280589.8
Chile,2017,183190.8
China,2017,13274100
China (FAO),2017,13274108
Colombia,2017,0
Croatia,2017,135810
Czechia,2017,1146223.8
Denmark,2017,742300
Eastern Africa (FAO),2017,38075.78
Eastern Asia (FAO),2017,13292641
Eastern Europe (FAO),2017,11755582
Estonia,2017,165270
Ethiopia,2017,38075.78
Europe,2017,26471428
Europe (FAO),2017,26471428
European Union (27),2017,19776302
European Union (27) (FAO),2017,19776302
Finland,2017,91300
France,2017,5317377
Germany,2017,4268400
Greece,2017,18854
High-income countries,2017,48829864
Hungary,2017,932139
India,2017,7917230
Iran,2017,351498
Ireland,2017,41723
Italy,2017,41444
Japan,2017,3670
Kazakhstan,2017,278975
Kyrgyzstan,2017,71
Land Locked Developing Countries (FAO),2017,517062.6
Latvia,2017,326200
Least Developed Countries (FAO),2017,400935.78
Lithuania,2017,543518
Low Income Food Deficit Countries (FAO),2017,39690.6
Low-income countries,2017,38075.78
Lower-middle-income countries,2017,11067846
Luxembourg,2017,11317
Mexico,2017,1000
Moldova,2017,71410
Mongolia,2017,13863
Morocco,2017,3000
Myanmar,2017,0
Net Food Importing Developing Countries (FAO),2017,617388.8
Netherlands,2017,7894
New Zealand,2017,2247.82
North America,2017,22723290
North Macedonia,2017,6124
Northern Africa (FAO),2017,29987.03
Northern America (FAO),2017,22722290
Northern Europe (FAO),2017,4450311
Norway,2017,10300
Oceania,2017,4315478
Oceania (FAO),2017,4315478
Pakistan,2017,196003
Paraguay,2017,107000
Poland,2017,2697265
Romania,2017,1673327
Russia,2017,1510324
Rwanda,2017,0
Serbia,2017,48740
Slovakia,2017,448665
Slovenia,2017,8999
South Africa,2017,93469
South America,2017,442030.8
South America (FAO),2017,442030.8
South Korea,2017,1000
Southern Africa (FAO),2017,93469
Southern Asia (FAO),2017,8827591
Southern Europe (FAO),2017,420010.9
Spain,2017,153665
Sweden,2017,362700
Switzerland,2017,77612
Taiwan,2017,7.85
Tajikistan,2017,242
Tunisia,2017,3587.06
Turkey,2017,60000
Ukraine,2017,2194790
United Kingdom,2017,2167000
United States,2017,1394190
Upper-middle-income countries,2017,16638795
Uruguay,2017,52000
Uzbekistan,2017,1301.82
Western Asia (FAO),2017,60000
Western Europe (FAO),2017,9845525
World,2017,76574584
Africa,2018,171499.2
Africa (FAO),2018,171499.22
Algeria,2018,22711.12
Americas (FAO),2018,22761400
Argentina,2018,35449
Asia,2018,23296170
Asia (FAO),2018,23296170
Australia,2018,3893071
Austria,2018,120690
Bangladesh,2018,351537
Belarus,2018,456263
Belgium,2018,43300
Bosnia and Herzegovina,2018,9813
Brazil,2018,49000
Bulgaria,2018,472590
Canada,2018,20723500
Central America (FAO),2018,2000
Central Asia (FAO),2018,395927.53
Chile,2018,219780.6
China,2018,13281200
China (FAO),2018,13281208
Colombia,2018,0
Croatia,2018,155840
Cyprus,2018,0
Czechia,2018,1410770
Denmark,2018,489100
Eastern Africa (FAO),2018,38215.97
Eastern Asia (FAO),2018,13309249
Eastern Europe (FAO),2018,12369047
Estonia,2018,113590
Ethiopia,2018,38215.97
Europe,2018,25439912
Europe (FAO),2018,25439912
European Union (27),2018,17916570
European Union (27) (FAO),2018,17916570
Finland,2018,70900
France,2018,4980540
Germany,2018,3677200
Greece,2018,8210
High-income countries,2018,46078970
Hungary,2018,1002710
India,2018,8429850
Iran,2018,424084.2
Ireland,2018,40280
Italy,2018,39700
Japan,2018,3120
Kazakhstan,2018,394341.34
Kyrgyzstan,2018,48
Land Locked Developing Countries (FAO),2018,579884.5
Latvia,2018,231100
Least Developed Countries (FAO),2018,389752.97
Lithuania,2018,435900
Low Income Food Deficit Countries (FAO),2018,39802.15
Low-income countries,2018,38215.97
Lower-middle-income countries,2018,12271435
Luxembourg,2018,11180
Malta,2018,0
Mexico,2018,2000
Moldova,2018,85607
Mongolia,2018,23921
Morocco,2018,3000
Myanmar,2018,0
Net Food Importing Developing Countries (FAO),2018,680819.1
Netherlands,2018,5820
New Zealand,2018,2112.2
North America,2018,22369170
North Macedonia,2018,213
Northern Africa (FAO),2018,29333.25
Northern America (FAO),2018,22367170
Northern Europe (FAO),2018,3617820
Norway,2018,7250
Oceania,2018,3895183.2
Oceania (FAO),2018,3895183.2
Pakistan,2018,260523
Paraguay,2018,36000
Poland,2018,2105610
Romania,2018,1610910
Russia,2018,1988697
Rwanda,2018,0
Serbia,2018,135422
Slovakia,2018,485290
Slovenia,2018,7660
South Africa,2018,103950
South America,2018,392229.6
South America (FAO),2018,392229.6
South Korea,2018,1000
Southern Africa (FAO),2018,103950
Southern Asia (FAO),2018,9465994
Southern Europe (FAO),2018,536838
Spain,2018,179980
Sweden,2018,217700
Switzerland,2018,77478
Taiwan,2018,7.91
Tajikistan,2018,276.5
Tunisia,2018,3622.12
Turkey,2018,125000
Ukraine,2018,2750600
United Kingdom,2018,2012000
United States,2018,1643670
Upper-middle-income countries,2018,17175546
Uruguay,2018,52000
Uzbekistan,2018,1261.68
Western Asia (FAO),2018,125000
Western Europe (FAO),2018,8916208
World,2018,75564170
Africa,2019,165952.89
Africa (FAO),2019,165952.89
Algeria,2019,23288.76
Americas (FAO),2019,21874806
Argentina,2019,39689
Asia,2019,24205978
Asia (FAO),2019,24205978
Australia,2019,2365839.2
Austria,2019,107170
Bangladesh,2019,311740
Belarus,2019,578255
Belgium,2019,33430
Bosnia and Herzegovina,2019,8657
Brazil,2019,32000
Bulgaria,2019,432490
Canada,2019,19912300
Central America (FAO),2019,2000
Central Asia (FAO),2019,242277.61
Chile,2019,185317.5
China,2019,13484700
China (FAO),2019,13484708
Colombia,2019,0
Croatia,2019,103900
Czechia,2019,1156970
Denmark,2019,729000
Eastern Africa (FAO),2019,42046.19
Eastern Asia (FAO),2019,13523651
Eastern Europe (FAO),2019,11987043
Estonia,2019,191370
Ethiopia,2019,42046.19
Europe,2019,23212978
Europe (FAO),2019,23212978
European Union (27),2019,15288880
European Union (27) (FAO),2019,15288880
Finland,2019,41900
France,2019,3523300
Germany,2019,2830200
Greece,2019,9680
High-income countries,2019,40805580
Hungary,2019,912120
India,2019,9255660
Iran,2019,350000
Ireland,2019,37490
Italy,2019,37990
Japan,2019,4130
Kazakhstan,2019,240792.84
Kyrgyzstan,2019,180
Land Locked Developing Countries (FAO),2019,455528.8
Latvia,2019,408300
Least Developed Countries (FAO),2019,353786.2
Lithuania,2019,692480
Low Income Food Deficit Countries (FAO),2019,43530.95
Low-income countries,2019,42046.19
Lower-middle-income countries,2019,13604574
Luxembourg,2019,10060
Malta,2019,0
Mexico,2019,2000
Moldova,2019,77268
Mongolia,2019,33813
Morocco,2019,2000
Myanmar,2019,0
Net Food Importing Developing Countries (FAO),2019,735867.1
Netherlands,2019,6010
New Zealand,2019,2252.23
North America,2019,21467100
North Macedonia,2019,124
Northern Africa (FAO),2019,28906.69
Northern America (FAO),2019,21465100
Northern Europe (FAO),2019,4249040
Norway,2019,15000
Oceania,2019,2368091.5
Oceania (FAO),2019,2368091.2
Pakistan,2019,342650
Paraguay,2019,60000
Poland,2019,2268850
Romania,2019,798220
Russia,2019,2060320.1
Rwanda,2019,0
Serbia,2019,84310.55
Slovakia,2019,422230
Slovenia,2019,9450
South Africa,2019,95000
South America,2019,407706.5
South America (FAO),2019,407706.5
South Korea,2019,1000
Southern Africa (FAO),2019,95000
Southern Asia (FAO),2019,10260050
Southern Europe (FAO),2019,398881.56
Spain,2019,144770
Sweden,2019,381500
Switzerland,2019,67843
Taiwan,2019,8.06
Tajikistan,2019,8
Tunisia,2019,3617.94
Turkey,2019,180000
Ukraine,2019,3280320
United Kingdom,2019,1752000
United States,2019,1552800
Upper-middle-income countries,2019,17375606
Uruguay,2019,90700
Uzbekistan,2019,1296.76
Western Asia (FAO),2019,180000
Western Europe (FAO),2019,6578013
World,2019,71827810
Africa,2020,207518.11
Africa (FAO),2020,207518.11
Algeria,2020,23133.28
Americas (FAO),2020,21553452
Argentina,2020,32514
Asia,2020,24637894
Asia (FAO),2020,24637894
Australia,2020,2298529.2
Austria,2020,100280
Bangladesh,2020,358249
Belarus,2020,732742
Belgium,2020,29910
Bosnia and Herzegovina,2020,10142
Brazil,2020,55000
Bulgaria,2020,279280
Canada,2020,19484700
Central America (FAO),2020,2000
Central Asia (FAO),2020,154663.84
Chile,2020,153533
China,2020,14049100
China (FAO),2020,14049108
Colombia,2020,0
Croatia,2020,119670
Czechia,2020,1245330
Denmark,2020,560200
Eastern Africa (FAO),2020,12575.79
Eastern Asia (FAO),2020,14076202
Eastern Europe (FAO),2020,12519832
Estonia,2020,202950
Ethiopia,2020,12575.79
Europe,2020,23690034
Europe (FAO),2020,23690034
European Union (27),2020,16563250
European Union (27) (FAO),2020,16563250
Finland,2020,31120
France,2020,3289960
Germany,2020,3527300
Greece,2020,12080
High-income countries,2020,41119396
Hungary,2020,876900
India,2020,9123640
Iran,2020,237805.52
Ireland,2020,44130
Italy,2020,48690
Japan,2020,3580
Kazakhstan,2020,153167.55
Kyrgyzstan,2020,123
Land Locked Developing Countries (FAO),2020,304126.62
Latvia,2020,455500
Least Developed Countries (FAO),2020,370824.78
Lithuania,2020,972360
Low Income Food Deficit Countries (FAO),2020,14072.1
Low-income countries,2020,12575.79
Lower-middle-income countries,2020,12896439
Luxembourg,2020,8990
Malta,2020,0
Mexico,2020,2000
Moldova,2020,47128
Mongolia,2020,22514
Morocco,2020,3000
Myanmar,2020,0
Net Food Importing Developing Countries (FAO),2020,965739.8
Netherlands,2020,5920
New Zealand,2020,2204.08
North America,2020,21062010
North Macedonia,2020,149
Northern Africa (FAO),2020,29742.32
Northern America (FAO),2020,21060010
Northern Europe (FAO),2020,3650740
Norway,2020,7180
Oceania,2020,2300733.2
Oceania (FAO),2020,2300733.5
Pakistan,2020,565792
Paraguay,2020,67096
Poland,2020,2982880
Romania,2020,780160
Russia,2020,2572492.5
Rwanda,2020,0
Serbia,2020,73667.62
Slovakia,2020,445720
Slovenia,2020,8520
South Africa,2020,165200
South America,2020,491443
South America (FAO),2020,491443
South Korea,2020,1000
Southern Africa (FAO),2020,165200
Southern Asia (FAO),2020,10285487
Southern Europe (FAO),2020,469018.62
Spain,2020,196100
Sweden,2020,339300
Switzerland,2020,88083
Taiwan,2020,7.68
Tajikistan,2020,86.56
Tunisia,2020,3609.04
Turkey,2020,121542
Ukraine,2020,2557200
United Kingdom,2020,1038000
United States,2020,1575310
Upper-middle-income countries,2020,18361220
Uruguay,2020,183300
Uzbekistan,2020,1286.75
Western Asia (FAO),2020,121542
Western Europe (FAO),2020,7050443
World,2020,72389630
Africa,2021,242457.77
Africa (FAO),2021,242457.75
Algeria,2021,23044.39
Americas (FAO),2021,16104797
Argentina,2021,17868
Asia,2021,26221458
Asia (FAO),2021,26221458
Australia,2021,4756388
Austria,2021,86870
Bangladesh,2021,396594
Belarus,2021,715078
Belgium,2021,28100
Bosnia and Herzegovina,2021,3060
Brazil,2021,96000
Bulgaria,2021,375800
Canada,2021,14248281
Central America (FAO),2021,2000
Central Asia (FAO),2021,147185.73
Chile,2021,140585.8
China,2021,14713500
China (FAO),2021,14713508
Colombia,2021,0
Croatia,2021,73420
Czechia,2021,1024930
Denmark,2021,650900
Eastern Africa (FAO),2021,14697
Eastern Asia (FAO),2021,14769500
Eastern Europe (FAO),2021,13525534
Estonia,2021,216070
Ethiopia,2021,14697
Europe,2021,24630882
Europe (FAO),2021,24630882
European Union (27),2021,16946680
European Union (27) (FAO),2021,16946680
Finland,2021,41210
France,2021,3306520
Germany,2021,3504600
Greece,2021,12270
High-income countries,2021,38328270
Hungary,2021,734020
India,2021,10210010
Iran,2021,215291.22
Ireland,2021,51160
Italy,2021,55160
Japan,2021,3230
Kazakhstan,2021,145728.4
Kyrgyzstan,2021,71
Land Locked Developing Countries (FAO),2021,367828.94
Latvia,2021,427900
Least Developed Countries (FAO),2021,411291
Lithuania,2021,909360
Low Income Food Deficit Countries (FAO),2021,16154.34
Low-income countries,2021,14697
Lower-middle-income countries,2021,14186594
Luxembourg,2021,4390
Malta,2021,0
Mexico,2021,2000
Moldova,2021,92300
Mongolia,2021,51762.2
Morocco,2021,3000
Myanmar,2021,0
Net Food Importing Developing Countries (FAO),2021,812547.56
Netherlands,2021,4390
New Zealand,2021,2189.5
North America,2021,15494561
North Macedonia,2021,502
Northern Africa (FAO),2021,29660.75
Northern America (FAO),2021,15492561
Northern Europe (FAO),2021,3630100
Norway,2021,9000
Oceania,2021,4758577.5
Oceania (FAO),2021,4758578
Pakistan,2021,342878
Paraguay,2021,61382
Poland,2021,3050910
Romania,2021,1375070
Russia,2021,2793796.5
Rwanda,2021,0
Serbia,2021,73496
Slovakia,2021,424690
Slovenia,2021,6910
South Africa,2021,198100
South America,2021,610235.8
South America (FAO),2021,610235.8
South Korea,2021,1000
Southern Africa (FAO),2021,198100
Southern Asia (FAO),2021,11164773
Southern Europe (FAO),2021,463348
Spain,2021,238530
Sweden,2021,343500
Switzerland,2021,77030
Taiwan,2021,7.68
Tajikistan,2021,104.61
Tunisia,2021,3616.37
Turkey,2021,140000
Ukraine,2021,2938940
United Kingdom,2021,981000
United States,2021,1244280
Upper-middle-income countries,2021,19428610
Uruguay,2021,294400
Uzbekistan,2021,1281.73
Western Asia (FAO),2021,140000
Western Europe (FAO),2021,7011900
World,2021,71958180
Africa,2022,268299.94
Africa (FAO),2022,268299.9
Algeria,2022,23155.48
Americas (FAO),2022,21361396
Argentina,2022,52915
Asia,2022,29080346
Asia (FAO),2022,29080346
Australia,2022,6820287
Austria,2022,92030
Bangladesh,2022,409659
Belarus,2022,805259
Belgium,2022,36900
Bosnia and Herzegovina,2022,5501
Brazil,2022,82000
Bulgaria,2022,299420
Canada,2022,18694768
Central America (FAO),2022,2000
Central Asia (FAO),2022,190126.84
Chile,2022,134962.28
China,2022,15531400
China (FAO),2022,15531408
Colombia,2022,0
Croatia,2022,58070
Czechia,2022,1166390
Denmark,2022,889200
Eastern Africa (FAO),2022,29000
Eastern Asia (FAO),2022,15585302
Eastern Europe (FAO),2022,15848940
Estonia,2022,218670
Ethiopia,2022,29000
Europe,2022,29688676
Europe (FAO),2022,29688678
European Union (27),2022,19417640
European Union (27) (FAO),2022,19417640
Finland,2022,57250
France,2022,4516540
Germany,2022,4294900
Greece,2022,24820
High-income countries,2022,48567330
Hungary,2022,505050
India,2022,11963090
Iran,2022,300000
Ireland,2022,76890
Italy,2022,53970
Japan,2022,3680
Kazakhstan,2022,188590.44
Kyrgyzstan,2022,134
Land Locked Developing Countries (FAO),2022,411138.62
Latvia,2022,359100
Least Developed Countries (FAO),2022,438659
Lithuania,2022,900950
Low Income Food Deficit Countries (FAO),2022,30536.4
Low-income countries,2022,29000
Lower-middle-income countries,2022,16552418
Luxembourg,2022,7480
Malta,2022,0
Mexico,2022,2000
Moldova,2022,77400
Mongolia,2022,49214.8
Morocco,2022,2000
Myanmar,2022,0
Net Food Importing Developing Countries (FAO),2022,975656.25
Netherlands,2022,7170
New Zealand,2022,2215.27
North America,2022,20439098
North Macedonia,2022,277
Northern Africa (FAO),2022,28769.92
Northern America (FAO),2022,20437098
Northern Europe (FAO),2022,4300060
Norway,2022,9500
Oceania,2022,6822502.5
Oceania (FAO),2022,6822502
Pakistan,2022,482168
Paraguay,2022,65120
Poland,2022,3487070
Romania,2022,1229530
Russia,2022,4514241
Rwanda,2022,0
Serbia,2022,87820
Slovakia,2022,446600
Slovenia,2022,7550
South Africa,2022,210530
South America,2022,922297.25
South America (FAO),2022,922297.25
South Korea,2022,1000
Southern Africa (FAO),2022,210530
Southern Asia (FAO),2022,13154917
Southern Europe (FAO),2022,492598
Spain,2022,254590
Sweden,2022,427500
Switzerland,2022,92059
Taiwan,2022,7.68
Tajikistan,2022,113.99
Tunisia,2022,3614.45
Turkey,2022,150000
Ukraine,2022,3317980
United Kingdom,2022,1361000
United States,2022,1742330
Upper-middle-income countries,2022,22072474
Uruguay,2022,587300
Uzbekistan,2022,1288.41
Western Asia (FAO),2022,150000
Western Europe (FAO),2022,9047079
World,2022,87221224
